Nome,Cognome,"Indirizzo email"
Sharon,Limonciello,sharonlimonciello@gmail.com
Elisabetta,Mirone,mirone.elisabetta@gmail.com
Bruno,Alicata,brunosvaldo.alicata@gmail.com
Antonina,Efimova,efimovantonina@gmail.com
Alberto,Grisorio,albertogrisorio94@gmail.com
Walid,Laksimi,walidtowork@gmail.com
"Randy Harold",Beni,haroldbeni111997@gmail.com
Lara,Santoro,larasantoro09@gmail.com
Gianluca,Contu,contu.gianluca96@gmail.com
Simone,Pagano,s.pagano94@hotmail.com
